"Parent ID","Parent SKU","Product ID","Product SKU","Product Name","Post Title","Slug","Permalink","Product URI","Description","Excerpt","Product Published","Product Modified","Type","Visibility","Featured","Virtual","Downloadable","Price","Sale Price","Sale Price Dates From","Sale Price Dates To","Weight","Weight Unit","Height","Height Unit","Width","Width Unit","Length","Length Unit","Category","Tag","Featured Image","Product Gallery","Tax Status","Tax Class","Shipping Class","Download File Name","Download File URL Path","Download Limit","Download Expiry","Download Type","Manage Stock","Quantity","Stock Status","Allow Backorders","Sold Individually","Up-Sells","Cross-Sells","External URL","Button Text","Purchase Note","Product Status","Enable Reviews","Sort Order","Post Author","Username","User Role"
"","","1702","sku_014","Half Sleeve T-Shirt (American Eagle)","Half Sleeve T-Shirt (American Eagle)","half-sleeve-t-shirt-american-eagle","http://unihawker.com/product/half-sleeve-t-shirt-american-eagle/","http://unihawker.com/product/half-sleeve-t-shirt-american-eagle/","<span style=""font-weight: 400;"">100% cotton; GSM 170+</span>","","08/04/2019","08/04/2019","Simple Product","Shop and search results","Yes","No","No","3.29","","","","","","","","","","","","Clothing","","http://unihawker.com/wp-content/uploads/2019/04/1-22.jpg",,"Taxable","","","","","-1","-1","Standard","yes","1000","In Stock","No","No","","","","","","Publish","Open","0","1","debashish","Administrator"
"","","1698","sku_013","Half Sleeve Polo T-Shirt (American Eagle)","Half Sleeve Polo T-Shirt (American Eagle)","half-sleeve-polo-t-shirt-american-eagle-3","http://unihawker.com/product/half-sleeve-polo-t-shirt-american-eagle-3/","http://unihawker.com/product/half-sleeve-polo-t-shirt-american-eagle-3/","<span style=""font-weight: 400;"">100% cotton, GSM 220+</span>","","08/04/2019","08/04/2019","Simple Product","Shop and search results","Yes","No","No","5.49","","","","","","","","","","","","Clothing","","http://unihawker.com/wp-content/uploads/2019/04/1-20.jpg",,"Taxable","","","","","-1","-1","Standard","yes","1000","In Stock","No","No","","","","","","Publish","Open","0","1","debashish","Administrator"
"","","1696","sku_012","Half Sleeve Polo T-Shirt (American Eagle)","Half Sleeve Polo T-Shirt (American Eagle)","half-sleeve-polo-t-shirt-american-eagle-2","http://unihawker.com/product/half-sleeve-polo-t-shirt-american-eagle-2/","http://unihawker.com/product/half-sleeve-polo-t-shirt-american-eagle-2/","<span style=""font-weight: 400;"">100% cotton, GSM 220+</span>","","08/04/2019","08/04/2019","Simple Product","Shop and search results","Yes","No","No","5.49","","","","","","","","","","","","Clothing","","http://unihawker.com/wp-content/uploads/2019/04/1-19.jpg",,"Taxable","","","","","-1","-1","Standard","yes","1000","In Stock","No","No","","","","","","Publish","Open","0","1","debashish","Administrator"
"","","1694","sku_011","Half Sleeve Polo T-Shirt (Hugo Boss)","Half Sleeve Polo T-Shirt (Hugo Boss)","half-sleeve-polo-t-shirt-hugo-boss","http://unihawker.com/product/half-sleeve-polo-t-shirt-hugo-boss/","http://unihawker.com/product/half-sleeve-polo-t-shirt-hugo-boss/","<span style=""font-weight: 400;"">100% cotton; GSM 220+</span>","","08/04/2019","08/04/2019","Simple Product","Shop and search results","Yes","No","No","5.49","","","","","","","","","","","","Clothing","","http://unihawker.com/wp-content/uploads/2019/04/1-18.jpg",,"Taxable","","","","","-1","-1","Standard","yes","1000","In Stock","No","No","","","","","","Publish","Open","0","1","debashish","Administrator"
"","","1692","sku_010","Half Sleeve Polo T-Shirt (American Eagle)","Half Sleeve Polo T-Shirt (American Eagle)","half-sleeve-polo-t-shirt-american-eagle","http://unihawker.com/product/half-sleeve-polo-t-shirt-american-eagle/","http://unihawker.com/product/half-sleeve-polo-t-shirt-american-eagle/","<span style=""font-weight: 400;"">100% cotton; GSM 220+</span>","","08/04/2019","08/04/2019","Simple Product","Shop and search results","Yes","No","No","5.49","","","","","","","","","","","","Clothing","","http://unihawker.com/wp-content/uploads/2019/04/1-17.jpg",,"Taxable","","","","","-1","-1","Standard","yes","1000","In Stock","No","No","","","","","","Publish","Open","0","1","debashish","Administrator"
"","","1690","sku_009","Half Sleeve T-Shirt (Adidas)","Half Sleeve T-Shirt (Adidas)","half-sleeve-t-shirt-adidas-4","http://unihawker.com/product/half-sleeve-t-shirt-adidas-4/","http://unihawker.com/product/half-sleeve-t-shirt-adidas-4/","<span style=""font-weight: 400;"">100% cotton; GSM 170+</span>","","08/04/2019","08/04/2019","Simple Product","Shop and search results","Yes","No","No","3.29","","","","","","","","","","","","Clothing","","http://unihawker.com/wp-content/uploads/2019/04/1-16.jpg",,"Taxable","","","","","-1","-1","Standard","yes","1000","In Stock","No","No","","","","","","Publish","Open","0","1","debashish","Administrator"
"","","1688","sku_008","Half Sleeve T-Shirt (Adidas)","Half Sleeve T-Shirt (Adidas)","half-sleeve-t-shirt-adidas-3","http://unihawker.com/product/half-sleeve-t-shirt-adidas-3/","http://unihawker.com/product/half-sleeve-t-shirt-adidas-3/","<span style=""font-weight: 400;"">100% cotton; GSM 170+</span>","","08/04/2019","08/04/2019","Simple Product","Shop and search results","Yes","No","No","3.29","","","","","","","","","","","","Clothing","","http://unihawker.com/wp-content/uploads/2019/04/1-15.jpg",,"Taxable","","","","","-1","-1","Standard","yes","1000","In Stock","No","No","","","","","","Publish","Open","0","1","debashish","Administrator"
"","","1686","sku_007","Half Sleeve T-Shirt (Adidas)","Half Sleeve T-Shirt (Adidas)","half-sleeve-t-shirt-adidas-2","http://unihawker.com/product/half-sleeve-t-shirt-adidas-2/","http://unihawker.com/product/half-sleeve-t-shirt-adidas-2/","<span style=""font-weight: 400;"">100% cotton; GSM 170+</span>","","08/04/2019","08/04/2019","Simple Product","Shop and search results","Yes","No","No","3.29","","","","","","","","","","","","Clothing","","http://unihawker.com/wp-content/uploads/2019/04/1-14.jpg",,"Taxable","","","","","-1","-1","Standard","yes","1000","In Stock","No","No","","","","","","Publish","Open","0","1","debashish","Administrator"
"","","1684","sku_006","Half Sleeve T-Shirt (Adidas)","Half Sleeve T-Shirt (Adidas)","half-sleeve-t-shirt-adidas","http://unihawker.com/product/half-sleeve-t-shirt-adidas/","http://unihawker.com/product/half-sleeve-t-shirt-adidas/","<span style=""font-weight: 400;"">100% cotton; GSM 170+</span>","","08/04/2019","08/04/2019","Simple Product","Shop and search results","Yes","No","No","3.29","","","","","","","","","","","","Clothing","","http://unihawker.com/wp-content/uploads/2019/04/1-13.jpg",,"Taxable","","","","","-1","-1","Standard","yes","1000","In Stock","No","No","","","","","","Publish","Open","0","1","debashish","Administrator"
"","","1682","sku_005","Half Seelve T-Shirt (Armani)","Half Seelve T-Shirt (Armani)","half-seelve-t-shirt-armani-2","http://unihawker.com/product/half-seelve-t-shirt-armani-2/","http://unihawker.com/product/half-seelve-t-shirt-armani-2/","<span style=""font-weight: 400;"">100% cotton; GSM 170+</span>","","08/04/2019","08/04/2019","Simple Product","Shop and search results","Yes","No","No","3.29","","","","","","","","","","","","Clothing","","http://unihawker.com/wp-content/uploads/2019/04/1-5.jpg",,"Taxable","","","","","-1","-1","Standard","yes","1000","In Stock","No","No","","","","","","Publish","Open","0","1","debashish","Administrator"
"","","1680","sku_004","Half Seelve T-Shirt (Armani)","Half Seelve T-Shirt (Armani)","half-seelve-t-shirt-armani","http://unihawker.com/product/half-seelve-t-shirt-armani/","http://unihawker.com/product/half-seelve-t-shirt-armani/","<span style=""font-weight: 400;"">100% cotton; GSM 170+</span>","","08/04/2019","08/04/2019","Simple Product","Shop and search results","Yes","No","No","3.29","","","","","","","","","","","","Clothing","","http://unihawker.com/wp-content/uploads/2019/04/1-4.jpg",,"Taxable","","","","","-1","-1","Standard","yes","1000","In Stock","No","No","","","","","","Publish","Open","0","1","debashish","Administrator"
"","","1678","","Half Sleeve T-shirt (Armani)","Half Sleeve T-shirt (Armani)","half-sleeve-t-shirt-armani","http://unihawker.com/product/half-sleeve-t-shirt-armani/","http://unihawker.com/product/half-sleeve-t-shirt-armani/","<span style=""font-weight: 400;"">100% cotton; GSM 170+</span>","","08/04/2019","08/04/2019","Simple Product","Shop and search results","Yes","No","No","3.29","","","","","","","","","","","","Clothing","","http://unihawker.com/wp-content/uploads/2019/04/1-3.jpg",,"Taxable","","","","","-1","-1","Standard","yes","1000","In Stock","No","No","","","","","","Publish","Open","0","1","debashish","Administrator"
"","","1676","sku_002","Full Sleeve T-shirt (Armani)","Full Sleeve T-shirt (Armani)","full-sleeve-t-shirt-armani","http://unihawker.com/product/full-sleeve-t-shirt-armani/","http://unihawker.com/product/full-sleeve-t-shirt-armani/","<span style=""font-weight: 400;"">100% cotton; GSM 170+</span>","","08/04/2019","08/04/2019","Simple Product","Shop and search results","Yes","No","No","3.29","","","","","","","","","","","","Clothing","","http://unihawker.com/wp-content/uploads/2019/04/1-2.jpg",,"Taxable","","","","","-1","-1","Standard","yes","1000","In Stock","No","No","","","","","","Publish","Open","0","1","debashish","Administrator"
"","","1673","sku_001","Half Sleeve T-shirt (Armani)","Half Sleeve T-shirt (Armani)","t-shirt-armani","http://unihawker.com/product/t-shirt-armani/","http://unihawker.com/product/t-shirt-armani/","<span style=""font-weight: 400;"">100% cotton, GSM 170+</span>","","08/04/2019","08/04/2019","Simple Product","Shop and search results","Yes","No","No","3.29","","","","","","","","","","","","Clothing","","http://unihawker.com/wp-content/uploads/2019/04/1-1.jpg",,"Taxable","","","","","-1","-1","Standard","yes","1000","In Stock","No","No","","","","","","Publish","Open","0","1","debashish","Administrator"
"","","1583","","Wallet Topup","Wallet Topup","wallet-topup","http://unihawker.com/product/wallet-topup/","http://unihawker.com/product/wallet-topup/","Auto generated product for wallet recharge please do not delete or update.","","27/12/2018","27/12/2018","Simple Product","Hidden","No","Yes","No","","","","","","","","","","","","","Uncategorized","","",,"Taxable","","","","","-1","-1","Standard","no","","In Stock","No","Yes","","","","","","Private","Closed","0","1","debashish","Administrator"
"1421","PT0003-2","1429","","Product Left-Sidebar &#8211; Indigo, Extra Large","Product Left-Sidebar - Indigo, Extra Large","silver-porto-headset-indigo-extra-large__trashed",,"http://unihawker.com/product/silver-porto-headset__trashed/?attribute_pa_color=indigo&attribute_pa_size=extra-large-2","","","09/04/2018","08/04/2019","Variation","Shop and search results","No","No","No","49","","","","","","","","","","","","Uncategorized","","",,"Taxable","parent","","","","0","0","Standard","no","","In Stock","No","No","","","","","","Trash","Closed","1","1","debashish","Administrator"
"1421","PT0003-2","1428","","Product Left-Sidebar &#8211; Red, Medium","Product Left-Sidebar - Red, Medium","silver-porto-headset-red-medium__trashed",,"http://unihawker.com/product/silver-porto-headset__trashed/?attribute_pa_color=red&attribute_pa_size=medium-2","","","09/04/2018","08/04/2019","Variation","Shop and search results","No","No","No","49","","","","","","","","","","","","Uncategorized","","",,"Taxable","parent","","","","0","0","Standard","no","","In Stock","No","No","","","","","","Trash","Closed","3","1","debashish","Administrator"
"1369","PT0002","1427","","Porto Sports Shoes &#8211; Blue, Extra Large","Porto Sports Shoes - Blue, Extra Large","porto-sports-shoes-blue-extra-large__trashed",,"http://unihawker.com/product/porto-sports-shoes__trashed/?attribute_pa_color=blue&attribute_pa_size=extra-large-2","","","09/04/2018","08/04/2019","Variation","Shop and search results","No","No","No","","","","","","","","","","","","","Uncategorized","","",,"Taxable","parent","","","","0","0","Standard","no","","In Stock","No","No","","","","","","Trash","Closed","0","1","debashish","Administrator"
"1369","PT0002","1426","","Porto Sports Shoes &#8211; Light-Blue, Extra Large","Porto Sports Shoes - Light-Blue, Extra Large","porto-sports-shoes-light-blue-extra-large__trashed",,"http://unihawker.com/product/porto-sports-shoes__trashed/?attribute_pa_color=light-blue&attribute_pa_size=extra-large-2","","","09/04/2018","08/04/2019","Variation","Shop and search results","No","No","No","","","","","","","","","","","","","Uncategorized","","",,"Taxable","parent","","","","0","0","Standard","no","","In Stock","No","No","","","","","","Trash","Closed","0","1","debashish","Administrator"
"1421","PT0003-2","1425","","Product Left-Sidebar &#8211; Red, Large","Product Left-Sidebar - Red, Large","silver-porto-headset-red-large__trashed",,"http://unihawker.com/product/silver-porto-headset__trashed/?attribute_pa_color=red&attribute_pa_size=large-2","","","09/04/2018","08/04/2019","Variation","Shop and search results","No","No","No","49","","","","","","","","","","","","Uncategorized","","",,"Taxable","parent","","","","0","0","Standard","no","","In Stock","No","No","","","","","","Trash","Closed","6","1","debashish","Administrator"
"1421","PT0003-2","1424","","Product Left-Sidebar &#8211; Blue, Large","Product Left-Sidebar - Blue, Large","silver-porto-headset-blue-large__trashed",,"http://unihawker.com/product/silver-porto-headset__trashed/?attribute_pa_color=blue&attribute_pa_size=large-2","","","09/04/2018","08/04/2019","Variation","Shop and search results","No","No","No","49","","","","","","","","","","","","Uncategorized","","",,"Taxable","parent","","","","0","0","Standard","no","","In Stock","No","No","","","","","","Trash","Closed","5","1","debashish","Administrator"
"1421","PT0003-2","1423","","Product Left-Sidebar &#8211; Black, Large","Product Left-Sidebar - Black, Large","silver-porto-headset-black-large__trashed",,"http://unihawker.com/product/silver-porto-headset__trashed/?attribute_pa_color=black&attribute_pa_size=large-2","","","09/04/2018","08/04/2019","Variation","Shop and search results","No","No","No","49","","","","","","","","","","","","Uncategorized","","",,"Taxable","parent","","","","0","0","Standard","no","","In Stock","No","No","","","","","","Trash","Closed","4","1","debashish","Administrator"
"1421","PT0003-2","1422","","Product Left-Sidebar &#8211; Light-Blue, Small","Product Left-Sidebar - Light-Blue, Small","silver-porto-headset-light-blue-small__trashed",,"http://unihawker.com/product/silver-porto-headset__trashed/?attribute_pa_color=light-blue&attribute_pa_size=small-2","","","09/04/2018","08/04/2019","Variation","Shop and search results","No","No","No","49","","","","","","","","","","","","Uncategorized","","",,"Taxable","parent","","","","0","0","Standard","no","","In Stock","No","No","","","","","","Trash","Closed","1","1","debashish","Administrator"
"","","1421","PT0003-2","Product Left-Sidebar","Product Left-Sidebar","silver-porto-headset__trashed","http://unihawker.com/product/silver-porto-headset__trashed/","http://unihawker.com/product/silver-porto-headset__trashed/","[vc_row el_class=""m-b-md""][vc_column][vc_column_text]Lorem ipsum dolor sit amet, consectetur adipiscing elit, sed do eiusmod tempor incididunt ut labore et dolore magna aliqua. Ut enim ad minim veniam, quis nostrud exercitation ullamco laboris nisi ut aliquip ex ea commodo consequat. Duis aute irure dolor in reprehenderit in voluptate velit esse cillum dolore eu fugiat nulla pariatur. Excepteur sint occaecat.[/vc_column_text][/vc_column][/vc_row][vc_row][vc_column width=""2/3"" offset=""vc_col-lg-6 vc_col-md-7""][vc_column_text]Lorem ipsum dolor sit amet, consectetur adipiscing elit, sed do eiusmod tempor incididunt ut labore et dolore magna aliqua. Ut enim ad minim veniam, quis nostrud exercitation ullamco laboris nisi ut aliquip ex ea commodo consequat. Duis aute irure dolor in reprehenderit in voluptate velit esse cillum dolore.[/vc_column_text][porto_info_list icon_color=""#21293c"" font_size_icon=""16""][porto_info_list_item list_icon=""fa fa-check-circle"" desc_font_size=""14""]Any Product types that You want - Simple, Configurable[/porto_info_list_item][porto_info_list_item list_icon=""fa fa-check-circle"" desc_font_size=""14""]Downloadable/Digital Products, Virtual Products[/porto_info_list_item][porto_info_list_item list_icon=""fa fa-check-circle"" desc_font_size=""14""]Inventory Management with Backordered items[/porto_info_list_item][/porto_info_list][/vc_column][vc_column width=""1/3"" offset=""vc_col-lg-6 vc_col-md-5""][vc_single_image image=""1476"" img_size=""full"" alignment=""center""][/vc_column][/vc_row][vc_row el_class=""m-b-md"" css="".vc_custom_1519368676441{margin-top: 20px !important;margin-bottom: 50px !important;}""][vc_column width=""1/3""][porto_info_box icon=""fa fa-star"" icon_size=""28"" icon_color=""#29363c"" icon_style=""advanced"" icon_border_style=""solid"" icon_color_border=""#29363c"" icon_border_size=""2"" icon_border_radius=""60"" icon_border_spacing=""60"" title=""DEDICATED SERVICE"" pos=""top"" title_font_style=""700"" title_font_size=""14"" title_font_line_height=""22"" title_font_color=""#2b2b2d"" desc_font_size=""14"" desc_font_line_height=""27"" desc_font_color=""#4a505e""]Consult our specialists for help with an order, customization, or design advice[/porto_info_box][/vc_column][vc_column width=""1/3""][porto_info_box icon=""fa fa-reply"" icon_size=""28"" icon_color=""#29363c"" icon_style=""advanced"" icon_border_style=""solid"" icon_color_border=""#29363c"" icon_border_size=""2"" icon_border_radius=""60"" icon_border_spacing=""60"" title=""FREE RETURNS"" pos=""top"" title_font_style=""700"" title_font_size=""14"" title_font_line_height=""22"" title_font_color=""#2b2b2d"" desc_font_size=""14"" desc_font_line_height=""27"" desc_font_color=""#4a505e""]Consult our specialists for help with an order, customization, or design advice[/porto_info_box][/vc_column][vc_column width=""1/3""][porto_info_box icon=""fa fa-paper-plane"" icon_size=""28"" icon_color=""#29363c"" icon_style=""advanced"" icon_border_style=""solid"" icon_color_border=""#29363c"" icon_border_size=""2"" icon_border_radius=""60"" icon_border_spacing=""60"" title=""INTERNATIONAL SHIPPING"" pos=""top"" title_font_style=""700"" title_font_size=""14"" title_font_line_height=""22"" title_font_color=""#2b2b2d"" desc_font_size=""14"" desc_font_line_height=""27"" desc_font_color=""#4a505e""]Consult our specialists for help with an order, customization, or design advice[/porto_info_box][/vc_column][/vc_row][vc_row][vc_column][vc_column_text]Lorem ipsum dolor sit amet, consectetur adipiscing elit, sed do eiusmod tempor incididunt ut labore et dolore magna aliqua. Ut enim ad minim veniam, quis nostrud exercitation ullamco laboris nisi ut aliquip ex ea commodo consequat. Duis aute irure dolor in reprehenderit in voluptate velit esse cillum dolore. Lorem ipsum dolor sit amet, consectetur adipiscing elit, sed do eiusmod tempor incididunt ut labore et dolore magna aliqua. Ut enim ad minim veniam, quis nostrud exercitation ullamco laboris nisi ut aliquip ex ea commodo consequat. Duis aute irure dolor in reprehenderit in voluptate velit esse cillum dolore.Duis aute irure dolor in reprehenderit in voluptate velit esse cillum dolore.[/vc_column_text][/vc_column][/vc_row]","Duis aute irure dolor in reprehenderit in voluptate velit esse cillum dolore eu fugiat nulla pariatur. Excepteur sint occaecat cupidatat non.","09/04/2018","08/04/2019","Variable","Shop and search results","No","No","No","49","","","","","","","","","","","","Uncategorized","","http://unihawker.com/wp-content/uploads/2018/04/2.jpg","1408|1406|1405","Taxable","","","","","0","0","Standard","no","","In Stock","No","No","","","","","","Trash","Open","0","1","debashish","Administrator"
"1416","PT0007","1420","","Product Wide Grid &#8211; Red, Small","Product Wide Grid - Red, Small","porto-evolution-headset-red-small-2__trashed",,"http://unihawker.com/product/porto-evolution-headset-3__trashed/?attribute_pa_color=red&attribute_pa_size=small-2","","","09/04/2018","08/04/2019","Variation","Shop and search results","No","No","No","149","","","","","","","","","","","","Uncategorized","","",,"Taxable","parent","","","","0","0","Standard","no","0","In Stock","No","No","","","","","","Trash","Closed","4","1","debashish","Administrator"
"1416","PT0007","1419","","Product Wide Grid &#8211; Black, Extra Large","Product Wide Grid - Black, Extra Large","porto-evolution-headset-black-extra-large-3__trashed",,"http://unihawker.com/product/porto-evolution-headset-3__trashed/?attribute_pa_color=black&attribute_pa_size=extra-large-2","","","09/04/2018","08/04/2019","Variation","Shop and search results","No","No","No","149","","","","","","","","","","","","Uncategorized","","",,"Taxable","parent","","","","0","0","Standard","no","0","In Stock","No","No","","","","","","Trash","Closed","3","1","debashish","Administrator"
"1416","PT0007","1418","","Product Wide Grid &#8211; Blue, Large","Product Wide Grid - Blue, Large","porto-evolution-headset-silver-large-3__trashed",,"http://unihawker.com/product/porto-evolution-headset-3__trashed/?attribute_pa_color=blue&attribute_pa_size=large-2","","","09/04/2018","08/04/2019","Variation","Shop and search results","No","No","No","149","","","","","","","","","","","","Uncategorized","","",,"Taxable","parent","","","","0","0","Standard","no","0","In Stock","No","No","","","","","","Trash","Closed","2","1","debashish","Administrator"
"1416","PT0007","1417","","Product Wide Grid &#8211; Black, Medium","Product Wide Grid - Black, Medium","porto-evolution-headset-black-medium-3__trashed",,"http://unihawker.com/product/porto-evolution-headset-3__trashed/?attribute_pa_color=black&attribute_pa_size=medium-2","","","09/04/2018","08/04/2019","Variation","Shop and search results","No","No","No","149","","","","","","","","","","","","Uncategorized","","",,"Taxable","parent","","","","0","0","Standard","no","0","In Stock","No","No","","","","","","Trash","Closed","1","1","debashish","Administrator"
"","","1416","PT0007","Product Wide Grid","Product Wide Grid","porto-evolution-headset-3__trashed","http://unihawker.com/product/porto-evolution-headset-3__trashed/","http://unihawker.com/product/porto-evolution-headset-3__trashed/","[vc_row el_class=""m-b-md""][vc_column][vc_column_text]Lorem ipsum dolor sit amet, consectetur adipiscing elit, sed do eiusmod tempor incididunt ut labore et dolore magna aliqua. Ut enim ad minim veniam, nostrud ipsum consectetur sed do, quis nostrud exercitation ullamco laboris nisi ut aliquip ex ea commodo consequat. Duis aute irure dolor in reprehenderit in voluptate velit esse cillum dolore eu fugiat nulla pariatur. Excepteur sint occaecat.[/vc_column_text][/vc_column][/vc_row][vc_row el_class=""m-b-md"" css="".vc_custom_1511248807031{padding-left: 40px !important;}""][vc_column][porto_info_list icon_color=""#21293c"" font_size_icon=""16""][porto_info_list_item list_icon=""fa fa-check-circle"" desc_font_size=""14""]Any Product types that You want - Simple, Configurable[/porto_info_list_item][porto_info_list_item list_icon=""fa fa-check-circle"" desc_font_size=""14""]Downloadable/Digital Products, Virtual Products[/porto_info_list_item][porto_info_list_item list_icon=""fa fa-check-circle"" desc_font_size=""14""]Inventory Management with Backordered items[/porto_info_list_item][/porto_info_list][/vc_column][/vc_row][vc_row][vc_column][vc_column_text]Sed do eiusmod tempor incididunt ut labore et dolore magna aliqua. Ut enim ad minim veniam, quis nostrud exercitation ullamco laboris nisi ut aliquip ex ea commodo consequat. Sed do eiusmod tempor incididunt ut labore et dolore magna aliqua. Ut enim ad minim veniam, quis nostrud exercitation ullamco laboris nisi ut aliquip ex ea commodo consequat. Sed do eiusmod tempor incididunt ut labore et dolore magna aliqua. Ut enim ad minim veniam, quis nostrud exercitation ullamco laboris nisi ut aliquip ex ea commodo consequat.[/vc_column_text][/vc_column][/vc_row]","Duis aute irure dolor in reprehenderit in voluptate velit esse cillum dolore eu fugiat nulla pariatur. Excepteur sint occaecat cupidatat non.","09/04/2018","08/04/2019","Variable","Shop and search results","Yes","No","No","149","","","","","","","","","","","","Uncategorized","","http://unihawker.com/wp-content/uploads/2018/04/product-100-grey.jpg","1477|1484|1483","Taxable","","","","","0","0","Standard","yes","100","In Stock","No","No","","","","","","Trash","Open","0","1","debashish","Administrator"
"1403","PT0006","1415","","Porto Transparent Images &#8211; Red, Small","Porto Transparent Images - Red, Small","porto-transparent-images-red-small__trashed",,"http://unihawker.com/product/porto-transparent-images__trashed/?attribute_pa_color=red&attribute_pa_size=small-2","","","09/04/2018","08/04/2019","Variation","Shop and search results","No","No","No","105.00","","","","","","","","","","","","Uncategorized","","",,"Taxable","parent","","","","0","0","Standard","no","","In Stock","No","No","","","","","","Trash","Closed","4","1","debashish","Administrator"
"1403","PT0006","1414","","Porto Transparent Images &#8211; Black, Extra Large","Porto Transparent Images - Black, Extra Large","porto-transparent-images-black-extra-large__trashed",,"http://unihawker.com/product/porto-transparent-images__trashed/?attribute_pa_color=black&attribute_pa_size=extra-large-2","","","09/04/2018","08/04/2019","Variation","Shop and search results","No","No","No","101.00","","","","","","","","","","","","Uncategorized","","",,"Taxable","parent","","","","0","0","Standard","no","","In Stock","No","No","","","","","","Trash","Closed","3","1","debashish","Administrator"
"1403","PT0006","1413","","Porto Transparent Images &#8211; silver, Large","Porto Transparent Images - silver, Large","porto-transparent-images-silver-large__trashed",,"http://unihawker.com/product/porto-transparent-images__trashed/?attribute_pa_color=silver&attribute_pa_size=large-2","","","09/04/2018","08/04/2019","Variation","Shop and search results","No","No","No","111.00","","","","","","","","","","","","Uncategorized","","",,"Taxable","parent","","","","0","0","Standard","no","","In Stock","No","No","","","","","","Trash","Closed","2","1","debashish","Administrator"
"1403","PT0006","1404","","Porto Transparent Images &#8211; Black, Medium","Porto Transparent Images - Black, Medium","porto-transparent-images-black-medium__trashed",,"http://unihawker.com/product/porto-transparent-images__trashed/?attribute_pa_color=black&attribute_pa_size=medium-2","","","09/04/2018","08/04/2019","Variation","Shop and search results","No","No","No","108.00","","","","","","","","","","","","Uncategorized","","",,"Taxable","parent","","","","0","0","Standard","no","","In Stock","No","No","","","","","","Trash","Closed","0","1","debashish","Administrator"
"","","1403","PT0006","Porto Transparent Images","Porto Transparent Images","porto-transparent-images__trashed","http://unihawker.com/product/porto-transparent-images__trashed/","http://unihawker.com/product/porto-transparent-images__trashed/","[vc_row el_class=""m-b-md""][vc_column][vc_column_text]Lorem ipsum dolor sit amet, consectetur adipiscing elit, sed do eiusmod tempor incididunt ut labore et dolore magna aliqua. Ut enim ad minim veniam, nostrud ipsum consectetur sed do, quis nostrud exercitation ullamco laboris nisi ut aliquip ex ea commodo consequat. Duis aute irure dolor in reprehenderit in voluptate velit esse cillum dolore eu fugiat nulla pariatur. Excepteur sint occaecat.[/vc_column_text][/vc_column][/vc_row][vc_row el_class=""m-b-md"" css="".vc_custom_1511248807031{padding-left: 40px !important;}""][vc_column][porto_info_list icon_color=""#21293c"" font_size_icon=""16""][porto_info_list_item list_icon=""fa fa-check-circle"" desc_font_size=""14""]Any Product types that You want - Simple, Configurable[/porto_info_list_item][porto_info_list_item list_icon=""fa fa-check-circle"" desc_font_size=""14""]Downloadable/Digital Products, Virtual Products[/porto_info_list_item][porto_info_list_item list_icon=""fa fa-check-circle"" desc_font_size=""14""]Inventory Management with Backordered items[/porto_info_list_item][/porto_info_list][/vc_column][/vc_row][vc_row][vc_column][vc_column_text]Sed do eiusmod tempor incididunt ut labore et dolore magna aliqua. Ut enim ad minim veniam, quis nostrud exercitation ullamco laboris nisi ut aliquip ex ea commodo consequat. Sed do eiusmod tempor incididunt ut labore et dolore magna aliqua. Ut enim ad minim veniam, quis nostrud exercitation ullamco laboris nisi ut aliquip ex ea commodo consequat. Sed do eiusmod tempor incididunt ut labore et dolore magna aliqua. Ut enim ad minim veniam, quis nostrud exercitation ullamco laboris nisi ut aliquip ex ea commodo consequat.[/vc_column_text][/vc_column][/vc_row]","Duis aute irure dolor in reprehenderit in voluptate velit esse cillum dolore eu fugiat nulla pariatur. Excepteur sint occaecat cupidatat non. Duis aute irure dolor in reprehenderit in voluptate velit esse cillum dolore eu fugiat nulla pariatur.","09/04/2018","08/04/2019","Variable","Shop and search results","No","No","No","101.00","","","","","","","","","","","","Uncategorized","","http://unihawker.com/wp-content/uploads/2018/04/shop1_fullwidth_product_img.jpg","1517","Taxable","","","","","0","0","Standard","yes","10","In Stock","No","No","","","","","","Trash","Open","0","1","debashish","Administrator"
"1389","PT0005","1402","","Product Both Sticky &#8211; Red, Small","Product Both Sticky - Red, Small","porto-both-sticky-info-red-small__trashed",,"http://unihawker.com/product/porto-both-sticky-info__trashed/?attribute_pa_color=red&attribute_pa_size=small-2","","","09/04/2018","08/04/2019","Variation","Shop and search results","No","No","No","89","","","","","","","","","","","","Uncategorized","","",,"Taxable","parent","","","","0","0","Standard","no","0","In Stock","No","No","","","","","","Trash","Closed","4","1","debashish","Administrator"
"1389","PT0005","1401","","Product Both Sticky &#8211; Black, Extra Large","Product Both Sticky - Black, Extra Large","porto-both-sticky-info-black-extra-large__trashed",,"http://unihawker.com/product/porto-both-sticky-info__trashed/?attribute_pa_color=black&attribute_pa_size=extra-large-2","","","09/04/2018","08/04/2019","Variation","Shop and search results","No","No","No","89","","","","","","","","","","","","Uncategorized","","",,"Taxable","parent","","","","0","0","Standard","no","0","In Stock","No","No","","","","","","Trash","Closed","3","1","debashish","Administrator"
"1389","PT0005","1391","","Product Both Sticky &#8211; Blue, Large","Product Both Sticky - Blue, Large","porto-both-sticky-info-silver-large__trashed",,"http://unihawker.com/product/porto-both-sticky-info__trashed/?attribute_pa_color=blue&attribute_pa_size=large-2","","","09/04/2018","08/04/2019","Variation","Shop and search results","No","No","No","89","","","","","","","","","","","","Uncategorized","","",,"Taxable","parent","","","","0","0","Standard","no","0","In Stock","No","No","","","","","","Trash","Closed","2","1","debashish","Administrator"
"1389","PT0005","1390","","Product Both Sticky &#8211; Black, Medium","Product Both Sticky - Black, Medium","porto-both-sticky-info-black-medium__trashed",,"http://unihawker.com/product/porto-both-sticky-info__trashed/?attribute_pa_color=black&attribute_pa_size=medium-2","","","09/04/2018","08/04/2019","Variation","Shop and search results","No","No","No","89","","","","","","","","","","","","Uncategorized","","",,"Taxable","parent","","","","0","0","Standard","no","0","In Stock","No","No","","","","","","Trash","Closed","1","1","debashish","Administrator"
"","","1389","PT0005","Product Both Sticky","Product Both Sticky","porto-both-sticky-info__trashed","http://unihawker.com/product/porto-both-sticky-info__trashed/","http://unihawker.com/product/porto-both-sticky-info__trashed/","[vc_row el_class=""m-b-md""][vc_column][vc_column_text]Lorem ipsum dolor sit amet, consectetur adipiscing elit, sed do eiusmod tempor incididunt ut labore et dolore magna aliqua. Ut enim ad minim veniam, nostrud ipsum consectetur sed do, quis nostrud exercitation ullamco laboris nisi ut aliquip ex ea commodo consequat. Duis aute irure dolor in reprehenderit in voluptate velit esse cillum dolore eu fugiat nulla pariatur. Excepteur sint occaecat.[/vc_column_text][/vc_column][/vc_row][vc_row el_class=""m-b-md"" css="".vc_custom_1511248807031{padding-left: 40px !important;}""][vc_column][porto_info_list icon_color=""#21293c"" font_size_icon=""16""][porto_info_list_item list_icon=""fa fa-check-circle"" desc_font_size=""14""]Any Product types that You want - Simple, Configurable[/porto_info_list_item][porto_info_list_item list_icon=""fa fa-check-circle"" desc_font_size=""14""]Downloadable/Digital Products, Virtual Products[/porto_info_list_item][porto_info_list_item list_icon=""fa fa-check-circle"" desc_font_size=""14""]Inventory Management with Backordered items[/porto_info_list_item][/porto_info_list][/vc_column][/vc_row][vc_row][vc_column][vc_column_text]Sed do eiusmod tempor incididunt ut labore et dolore magna aliqua. Ut enim ad minim veniam, quis nostrud exercitation ullamco laboris nisi ut aliquip ex ea commodo consequat. Sed do eiusmod tempor incididunt ut labore et dolore magna aliqua. Ut enim ad minim veniam, quis nostrud exercitation ullamco laboris nisi ut aliquip ex ea commodo consequat. Sed do eiusmod tempor incididunt ut labore et dolore magna aliqua. Ut enim ad minim veniam, quis nostrud exercitation ullamco laboris nisi ut aliquip ex ea commodo consequat.[/vc_column_text][/vc_column][/vc_row]","Duis aute irure dolor in reprehenderit in voluptate velit esse cillum dolore eu fugiat nulla pariatur. Excepteur sint occaecat cupidatat non. Duis aute irure dolor in reprehenderit in voluptate velit esse cillum dolore eu fugiat nulla pariatur.","09/04/2018","08/04/2019","Variable","Shop and search results","Yes","No","No","89","","","","","","","","","","","","Uncategorized","","http://unihawker.com/wp-content/uploads/2018/04/product-29-grey.jpg","1481|1486|1485","Taxable","","","","","0","0","Standard","yes","10","In Stock","No","No","","","","","","Trash","Open","0","1","debashish","Administrator"
"1384","PT0003-1","1388","","Product Sticky Info &#8211; Red, Small","Product Sticky Info - Red, Small","porto-sticky-info-red-small__trashed",,"http://unihawker.com/product/porto-sticky-info__trashed/?attribute_pa_color=red&attribute_pa_size=small-2","","","09/04/2018","08/04/2019","Variation","Shop and search results","No","No","No","39","","","","","","","","","","","","Uncategorized","","",,"Taxable","parent","","","","0","0","Standard","no","","In Stock","No","No","","","","","","Trash","Closed","4","1","debashish","Administrator"
"1384","PT0003-1","1387","","Product Sticky Info &#8211; Black, Extra Large","Product Sticky Info - Black, Extra Large","porto-sticky-info-black-extra-large__trashed",,"http://unihawker.com/product/porto-sticky-info__trashed/?attribute_pa_color=black&attribute_pa_size=extra-large-2","","","09/04/2018","08/04/2019","Variation","Shop and search results","No","No","No","39","","","","","","","","","","","","Uncategorized","","",,"Taxable","parent","","","","0","0","Standard","no","","In Stock","No","No","","","","","","Trash","Closed","3","1","debashish","Administrator"
"1384","PT0003-1","1386","","Product Sticky Info &#8211; Blue, Large","Product Sticky Info - Blue, Large","porto-sticky-info-silver-large__trashed",,"http://unihawker.com/product/porto-sticky-info__trashed/?attribute_pa_color=blue&attribute_pa_size=large-2","","","09/04/2018","08/04/2019","Variation","Shop and search results","No","No","No","39","","","","","","","","","","","","Uncategorized","","",,"Taxable","parent","","","","0","0","Standard","no","","In Stock","No","No","","","","","","Trash","Closed","2","1","debashish","Administrator"
"1384","PT0003-1","1385","","Product Sticky Info &#8211; Black, Medium","Product Sticky Info - Black, Medium","porto-sticky-info-black-medium__trashed",,"http://unihawker.com/product/porto-sticky-info__trashed/?attribute_pa_color=black&attribute_pa_size=medium-2","","","09/04/2018","08/04/2019","Variation","Shop and search results","No","No","No","39","","","","","","","","","","","","Uncategorized","","",,"Taxable","parent","","","","0","0","Standard","no","","In Stock","No","No","","","","","","Trash","Closed","0","1","debashish","Administrator"
"","","1384","PT0003-1","Product Sticky Info","Product Sticky Info","porto-sticky-info__trashed","http://unihawker.com/product/porto-sticky-info__trashed/","http://unihawker.com/product/porto-sticky-info__trashed/","[vc_row el_class=""m-b-md""][vc_column][vc_column_text]Lorem ipsum dolor sit amet, consectetur adipiscing elit, sed do eiusmod tempor incididunt ut labore et dolore magna aliqua. Ut enim ad minim veniam, nostrud ipsum consectetur sed do, quis nostrud exercitation ullamco laboris nisi ut aliquip ex ea commodo consequat. Duis aute irure dolor in reprehenderit in voluptate velit esse cillum dolore eu fugiat nulla pariatur. Excepteur sint occaecat.[/vc_column_text][/vc_column][/vc_row][vc_row el_class=""m-b-md"" css="".vc_custom_1511248807031{padding-left: 40px !important;}""][vc_column][porto_info_list icon_color=""#21293c"" font_size_icon=""16""][porto_info_list_item list_icon=""fa fa-check-circle"" desc_font_size=""14""]Any Product types that You want - Simple, Configurable[/porto_info_list_item][porto_info_list_item list_icon=""fa fa-check-circle"" desc_font_size=""14""]Downloadable/Digital Products, Virtual Products[/porto_info_list_item][porto_info_list_item list_icon=""fa fa-check-circle"" desc_font_size=""14""]Inventory Management with Backordered items[/porto_info_list_item][/porto_info_list][/vc_column][/vc_row][vc_row][vc_column][vc_column_text]Sed do eiusmod tempor incididunt ut labore et dolore magna aliqua. Ut enim ad minim veniam, quis nostrud exercitation ullamco laboris nisi ut aliquip ex ea commodo consequat.[/vc_column_text][/vc_column][/vc_row]","Duis aute irure dolor in reprehenderit in voluptate velit esse cillum dolore eu fugiat nulla pariatur. Excepteur sint occaecat cupidatat non. Duis aute irure dolor in reprehenderit in voluptate velit esse cillum dolore eu fugiat nulla pariatur.","09/04/2018","08/04/2019","Variable","Shop and search results","No","No","No","39","","","","","","","","","","","","Uncategorized","","http://unihawker.com/wp-content/uploads/2018/04/4-e1523080459948.jpg","1405|1408|1407","Taxable","","","","","0","0","Standard","no","","In Stock","No","No","","","","","","Trash","Open","0","1","debashish","Administrator"
"1379","PT0003","1383","","Full Width Layout &#8211; Red, Small","Full Width Layout - Red, Small","porto-evolution-headset-red-small__trashed",,"http://unihawker.com/product/porto-evolution-headset-2__trashed/?attribute_pa_color=red&attribute_pa_size=small-2","","","09/04/2018","08/04/2019","Variation","Shop and search results","No","No","No","99","","","","","","","","","","","","Uncategorized","","",,"Taxable","parent","","","","0","0","Standard","no","","In Stock","No","No","","","","","","Trash","Closed","4","1","debashish","Administrator"
"1379","PT0003","1382","","Full Width Layout &#8211; Black, Extra Large","Full Width Layout - Black, Extra Large","porto-evolution-headset-black-extra-large-2__trashed",,"http://unihawker.com/product/porto-evolution-headset-2__trashed/?attribute_pa_color=black&attribute_pa_size=extra-large-2","","","09/04/2018","08/04/2019","Variation","Shop and search results","No","No","No","99","","","","","","","","","","","","Uncategorized","","",,"Taxable","parent","","","","0","0","Standard","no","","In Stock","No","No","","","","","","Trash","Closed","3","1","debashish","Administrator"
"1379","PT0003","1381","","Full Width Layout &#8211; Blue, Large","Full Width Layout - Blue, Large","porto-evolution-headset-silver-large-2__trashed",,"http://unihawker.com/product/porto-evolution-headset-2__trashed/?attribute_pa_color=blue&attribute_pa_size=large-2","","","09/04/2018","08/04/2019","Variation","Shop and search results","No","No","No","99","","","","","","","","","","","","Uncategorized","","",,"Taxable","parent","","","","0","0","Standard","no","","In Stock","No","No","","","","","","Trash","Closed","2","1","debashish","Administrator"
"1379","PT0003","1380","","Full Width Layout &#8211; Black, Medium","Full Width Layout - Black, Medium","porto-evolution-headset-black-medium-2__trashed",,"http://unihawker.com/product/porto-evolution-headset-2__trashed/?attribute_pa_color=black&attribute_pa_size=medium-2","","","09/04/2018","08/04/2019","Variation","Shop and search results","No","No","No","99","","","","","","","","","","","","Uncategorized","","",,"Taxable","parent","","","","0","0","Standard","no","","In Stock","No","No","","","","","","Trash","Closed","0","1","debashish","Administrator"
"","","1379","PT0003","Full Width Layout","Full Width Layout","porto-evolution-headset-2__trashed","http://unihawker.com/product/porto-evolution-headset-2__trashed/","http://unihawker.com/product/porto-evolution-headset-2__trashed/","[vc_row el_class=""m-b-md""][vc_column][vc_column_text]Lorem ipsum dolor sit amet, consectetur adipiscing elit, sed do eiusmod tempor incididunt ut labore et dolore magna aliqua. Ut enim ad minim veniam, quis nostrud exercitation ullamco laboris nisi ut aliquip ex ea commodo consequat. Duis aute irure dolor in reprehenderit in voluptate velit esse cillum dolore eu fugiat nulla pariatur. Excepteur sint occaecat.[/vc_column_text][/vc_column][/vc_row][vc_row][vc_column][vc_single_image image=""1292"" img_size=""full"" el_class=""pull-right"" label=""""][vc_column_text]Lorem ipsum dolor sit amet, consectetur adipiscing elit, sed do eiusmod tempor incididunt ut labore et dolore magna aliqua. Ut enim ad minim veniam, quis nostrud exercitation ullamco laboris nisi ut aliquip ex ea commodo consequat. Duis aute irure dolor in reprehenderit in voluptate velit esse cillum dolore eu fugiat nulla pariatur. Excepteur sint occaecat. Lorem ipsum dolor sit amet, consectetur adipiscing elit, sed do eiusmod tempor incididunt ut labore et dolore magna aliqua. Ut enim ad minim veniam.[/vc_column_text][porto_info_list icon_color=""#21293c"" font_size_icon=""16""][porto_info_list_item list_icon=""fa fa-check-circle"" desc_font_size=""14""]Any Product types that You want - Simple, Configurable[/porto_info_list_item][porto_info_list_item list_icon=""fa fa-check-circle"" desc_font_size=""14""]Downloadable/Digital Products, Virtual Products[/porto_info_list_item][porto_info_list_item list_icon=""fa fa-check-circle"" desc_font_size=""14""]Inventory Management with Backordered items[/porto_info_list_item][/porto_info_list][/vc_column][/vc_row][vc_row el_class=""m-b-md"" css="".vc_custom_1519368676441{margin-top: 20px !important;margin-bottom: 50px !important;}""][vc_column width=""1/3""][porto_info_box icon=""fa fa-star"" icon_size=""28"" icon_color=""#29363c"" icon_style=""advanced"" icon_border_style=""solid"" icon_color_border=""#29363c"" icon_border_size=""2"" icon_border_radius=""60"" icon_border_spacing=""60"" title=""DEDICATED SERVICE"" pos=""top"" title_font_style=""700"" title_font_size=""14"" title_font_line_height=""22"" title_font_color=""#2b2b2d"" desc_font_size=""14"" desc_font_line_height=""27"" desc_font_color=""#4a505e""]Consult our specialists for help with an order, customization, or design advice[/porto_info_box][/vc_column][vc_column width=""1/3""][porto_info_box icon=""fa fa-reply"" icon_size=""28"" icon_color=""#29363c"" icon_style=""advanced"" icon_border_style=""solid"" icon_color_border=""#29363c"" icon_border_size=""2"" icon_border_radius=""60"" icon_border_spacing=""60"" title=""FREE RETURNS"" pos=""top"" title_font_style=""700"" title_font_size=""14"" title_font_line_height=""22"" title_font_color=""#2b2b2d"" desc_font_size=""14"" desc_font_line_height=""27"" desc_font_color=""#4a505e""]Consult our specialists for help with an order, customization, or design advice[/porto_info_box][/vc_column][vc_column width=""1/3""][porto_info_box icon=""fa fa-paper-plane"" icon_size=""28"" icon_color=""#29363c"" icon_style=""advanced"" icon_border_style=""solid"" icon_color_border=""#29363c"" icon_border_size=""2"" icon_border_radius=""60"" icon_border_spacing=""60"" title=""INTERNATIONAL SHIPPING"" pos=""top"" title_font_style=""700"" title_font_size=""14"" title_font_line_height=""22"" title_font_color=""#2b2b2d"" desc_font_size=""14"" desc_font_line_height=""27"" desc_font_color=""#4a505e""]Consult our specialists for help with an order, customization, or design advice[/porto_info_box][/vc_column][/vc_row][vc_row][vc_column][vc_column_text]Lorem ipsum dolor sit amet, consectetur adipiscing elit, sed do eiusmod tempor incididunt ut labore et dolore magna aliqua. Ut enim ad minim veniam, quis nostrud exercitation ullamco laboris nisi ut aliquip ex ea commodo consequat. Duis aute irure dolor in reprehenderit in voluptate velit esse cillum dolore. Lorem ipsum dolor sit amet, consectetur adipiscing elit, sed do eiusmod tempor incididunt ut labore et dolore magna aliqua. Ut enim ad minim veniam, quis nostrud exercitation ullamco laboris nisi ut aliquip ex ea commodo consequat. Duis aute irure dolor in reprehenderit in voluptate velit esse cillum dolore.Duis aute irure dolor in reprehenderit in voluptate velit esse cillum dolore.[/vc_column_text][/vc_column][/vc_row]","Duis aute irure dolor in reprehenderit in voluptate velit esse cillum dolore eu fugiat nulla pariatur. Excepteur sint occaecat cupidatat non. Duis aute irure dolor in reprehenderit in voluptate velit esse cillum dolore eu fugiat nulla pariatur.","09/04/2018","08/04/2019","Variable","Shop and search results","No","No","No","99","","","","","","","","","","","","Uncategorized","","http://unihawker.com/wp-content/uploads/2018/04/product-65-grey.jpg","1483|1478|1477","Taxable","","","","","0","0","Standard","no","","In Stock","No","No","","","","","","Trash","Open","0","1","debashish","Administrator"
"1369","PT0002","1378","","Porto Sports Shoes &#8211; Black, Medium","Porto Sports Shoes - Black, Medium","porto-sports-shoes-black-medium__trashed",,"http://unihawker.com/product/porto-sports-shoes__trashed/?attribute_pa_color=black&attribute_pa_size=medium-2","","","09/04/2018","08/04/2019","Variation","Shop and search results","No","No","No","108.00","","","","","","","","","","","","Uncategorized","","",,"Taxable","parent","","","","0","0","Standard","no","","In Stock","No","No","","","","","","Trash","Closed","1","1","debashish","Administrator"
"1368","","1377","","Product Extended &#8211; Red, Medium","Product Extended - Red, Medium","porto-evolution-headset-red-medium__trashed",,"http://unihawker.com/product/porto-evolution-headset__trashed/?attribute_pa_color=red&attribute_pa_size=medium-2","","","09/04/2018","08/04/2019","Variation","Shop and search results","No","No","No","105.00","","","","","","","","","","","","Uncategorized","","",,"Taxable","parent","","","","0","0","Standard","no","","In Stock","No","No","","","","","","Trash","Closed","0","1","debashish","Administrator"
"1368","","1376","","Product Extended &#8211; Blue, Small","Product Extended - Blue, Small","porto-evolution-headset-blue-small__trashed",,"http://unihawker.com/product/porto-evolution-headset__trashed/?attribute_pa_color=blue&attribute_pa_size=small-2","","","09/04/2018","08/04/2019","Variation","Shop and search results","No","No","No","99.00","","","","","","","","","","","","Uncategorized","","",,"Taxable","parent","","","","0","0","Standard","no","","In Stock","No","No","","","","","","Trash","Closed","3","1","debashish","Administrator"
"1368","","1375","","Product Extended &#8211; Black, Medium","Product Extended - Black, Medium","porto-evolution-headset-black-medium__trashed",,"http://unihawker.com/product/porto-evolution-headset__trashed/?attribute_pa_color=black&attribute_pa_size=medium-2","","","09/04/2018","08/04/2019","Variation","Shop and search results","No","No","No","109.00","","","","","","","","","","","","Uncategorized","","",,"Taxable","parent","","","","0","0","Standard","no","","In Stock","No","No","","","","","","Trash","Closed","2","1","debashish","Administrator"
"1368","","1374","","Product Extended &#8211; Black, Extra Large","Product Extended - Black, Extra Large","porto-evolution-headset-black-extra-large__trashed",,"http://unihawker.com/product/porto-evolution-headset__trashed/?attribute_pa_color=black&attribute_pa_size=extra-large-2","","","09/04/2018","08/04/2019","Variation","Shop and search results","No","No","No","102.00","","","","","","","","","","","","Uncategorized","","",,"Taxable","parent","","","","0","0","Standard","no","","In Stock","No","No","","","","","","Trash","Closed","1","1","debashish","Administrator"
"1368","","1373","","Product Extended &#8211; silver, Large","Product Extended - silver, Large","porto-evolution-headset-silver-large__trashed",,"http://unihawker.com/product/porto-evolution-headset__trashed/?attribute_pa_color=silver&attribute_pa_size=large-2","","","09/04/2018","08/04/2019","Variation","Shop and search results","No","No","No","101.00","","","","","","","","","","","","Uncategorized","","",,"Taxable","parent","","","","0","0","Standard","no","","In Stock","No","No","","","","","","Trash","Closed","5","1","debashish","Administrator"
"1369","PT0002","1372","","Porto Sports Shoes &#8211; Red, Small","Porto Sports Shoes - Red, Small","porto-sports-shoes-red-small__trashed",,"http://unihawker.com/product/porto-sports-shoes__trashed/?attribute_pa_color=red&attribute_pa_size=small-2","","","09/04/2018","08/04/2019","Variation","Shop and search results","No","No","No","105.00","","","","","","","","","","","","Uncategorized","","",,"Taxable","parent","","","","0","0","Standard","no","","In Stock","No","No","","","","","","Trash","Closed","6","1","debashish","Administrator"
"1369","PT0002","1371","","Porto Sports Shoes &#8211; Black, Extra Large","Porto Sports Shoes - Black, Extra Large","porto-sports-shoes-black-extra-large__trashed",,"http://unihawker.com/product/porto-sports-shoes__trashed/?attribute_pa_color=black&attribute_pa_size=extra-large-2","","","09/04/2018","08/04/2019","Variation","Shop and search results","No","No","No","101.00","","","","","","","","","","","","Uncategorized","","",,"Taxable","parent","","","","0","0","Standard","no","","In Stock","No","No","","","","","","Trash","Closed","5","1","debashish","Administrator"
"1369","PT0002","1370","","Porto Sports Shoes &#8211; Green, Small","Porto Sports Shoes - Green, Small","porto-sports-shoes-green-small__trashed",,"http://unihawker.com/product/porto-sports-shoes__trashed/?attribute_pa_color=green&attribute_pa_size=small-2","","","09/04/2018","08/04/2019","Variation","Shop and search results","No","No","No","111.00","","","","","","","","","","","","Uncategorized","","",,"Taxable","parent","","","","0","0","Standard","no","","In Stock","No","No","","","","","","Trash","Closed","2","1","debashish","Administrator"
"","","1369","PT0002","Porto Sports Shoes","Porto Sports Shoes","porto-sports-shoes__trashed","http://unihawker.com/product/porto-sports-shoes__trashed/","http://unihawker.com/product/porto-sports-shoes__trashed/","[vc_row el_class=""m-b-md""][vc_column][vc_column_text]Lorem ipsum dolor sit amet, consectetur adipiscing elit, sed do eiusmod tempor incididunt ut labore et dolore magna aliqua. Ut enim ad minim veniam, nostrud ipsum consectetur sed do, quis nostrud exercitation ullamco laboris nisi ut aliquip ex ea commodo consequat. Duis aute irure dolor in reprehenderit in voluptate velit esse cillum dolore eu fugiat nulla pariatur. Excepteur sint occaecat.[/vc_column_text][/vc_column][/vc_row][vc_row el_class=""m-b-md"" css="".vc_custom_1511248807031{padding-left: 40px !important;}""][vc_column][porto_info_list icon_color=""#21293c"" font_size_icon=""16""][porto_info_list_item list_icon=""fa fa-check-circle"" desc_font_size=""14""]Any Product types that You want - Simple, Configurable[/porto_info_list_item][porto_info_list_item list_icon=""fa fa-check-circle"" desc_font_size=""14""]Downloadable/Digital Products, Virtual Products[/porto_info_list_item][porto_info_list_item list_icon=""fa fa-check-circle"" desc_font_size=""14""]Inventory Management with Backordered items[/porto_info_list_item][/porto_info_list][/vc_column][/vc_row][vc_row][vc_column][vc_column_text]Sed do eiusmod tempor incididunt ut labore et dolore magna aliqua. Ut enim ad minim veniam, quis nostrud exercitation ullamco laboris nisi ut aliquip ex ea commodo consequat.[/vc_column_text][/vc_column][/vc_row]","Duis aute irure dolor in reprehenderit in voluptate velit esse cillum dolore eu fugiat nulla pariatur. Excepteur sint occaecat cupidatat non. Duis aute irure dolor in reprehenderit in voluptate velit esse cillum dolore eu fugiat nulla pariatur.","09/04/2018","08/04/2019","Variable","Shop and search results","No","No","No","108.00","","","","","","","","","","","","Uncategorized","","http://unihawker.com/wp-content/uploads/2018/04/1-e1523080430707.jpg","1406|1407|1408","Taxable","","","","","0","0","Standard","no","","In Stock","No","No","","","","","","Trash","Open","0","1","debashish","Administrator"
"","","1368","","Product Extended","Product Extended","porto-evolution-headset__trashed","http://unihawker.com/product/porto-evolution-headset__trashed/","http://unihawker.com/product/porto-evolution-headset__trashed/","[vc_row el_class=""m-b-md""][vc_column][vc_column_text]Lorem ipsum dolor sit amet, consectetur adipiscing elit, sed do eiusmod tempor incididunt ut labore et dolore magna aliqua. Ut enim ad minim veniam, nostrud ipsum consectetur sed do, quis nostrud exercitation ullamco laboris nisi ut aliquip ex ea commodo consequat. Duis aute irure dolor in reprehenderit in voluptate velit esse cillum dolore eu fugiat nulla pariatur. Excepteur sint occaecat.[/vc_column_text][/vc_column][/vc_row][vc_row el_class=""m-b-md"" css="".vc_custom_1511248807031{padding-left: 40px !important;}""][vc_column][porto_info_list icon_color=""#21293c"" font_size_icon=""16""][porto_info_list_item list_icon=""fa fa-check-circle"" desc_font_size=""14""]Any Product types that You want - Simple, Configurable[/porto_info_list_item][porto_info_list_item list_icon=""fa fa-check-circle"" desc_font_size=""14""]Downloadable/Digital Products, Virtual Products[/porto_info_list_item][porto_info_list_item list_icon=""fa fa-check-circle"" desc_font_size=""14""]Inventory Management with Backordered items[/porto_info_list_item][/porto_info_list][/vc_column][/vc_row][vc_row][vc_column][vc_column_text]Sed do eiusmod tempor incididunt ut labore et dolore magna aliqua. Ut enim ad minim veniam, quis nostrud exercitation ullamco laboris nisi ut aliquip ex ea commodo consequat.[/vc_column_text][/vc_column][/vc_row]","Duis aute irure dolor in reprehenderit in voluptate velit esse cillum dolore eu fugiat nulla pariatur. Excepteur sint occaecat cupidatat non. Duis aute irure dolor in reprehenderit in voluptate velit esse cillum dolore eu fugiat nulla pariatur.","09/04/2018","08/04/2019","Variable","Shop and search results","Yes","No","No","101.00","","","","","","","","","","","","Uncategorized","","http://unihawker.com/wp-content/uploads/2018/04/product-89-grey.jpg","1485|1482|1481","Taxable","","","","","0","0","Standard","no","","In Stock","No","No","","","","","","Trash","Open","0","1","debashish","Administrator"
"","","1367","654111995-1-2","Summer T-Shirt","Summer T-Shirt","headphone-black-2__trashed","http://unihawker.com/product/headphone-black-2__trashed/","http://unihawker.com/product/headphone-black-2__trashed/","[vc_row el_class=""m-b-md""][vc_column][vc_column_text]Lorem ipsum dolor sit amet, consectetur adipiscing elit, sed do eiusmod tempor incididunt ut labore et dolore magna aliqua. Ut enim ad minim veniam, nostrud ipsum consectetur sed do, quis nostrud exercitation ullamco laboris nisi ut aliquip ex ea commodo consequat. Duis aute irure dolor in reprehenderit in voluptate velit esse cillum dolore eu fugiat nulla pariatur. Excepteur sint occaecat.[/vc_column_text][/vc_column][/vc_row][vc_row el_class=""m-b-md"" css="".vc_custom_1511248807031{padding-left: 40px !important;}""][vc_column][porto_info_list icon_color=""#21293c"" font_size_icon=""16""][porto_info_list_item list_icon=""fa fa-check-circle"" desc_font_size=""14""]Any Product types that You want - Simple, Configurable[/porto_info_list_item][porto_info_list_item list_icon=""fa fa-check-circle"" desc_font_size=""14""]Downloadable/Digital Products, Virtual Products[/porto_info_list_item][porto_info_list_item list_icon=""fa fa-check-circle"" desc_font_size=""14""]Inventory Management with Backordered items[/porto_info_list_item][/porto_info_list][/vc_column][/vc_row][vc_row][vc_column][vc_column_text]Sed do eiusmod tempor incididunt ut labore et dolore magna aliqua. Ut enim ad minim veniam, quis nostrud exercitation ullamco laboris nisi ut aliquip ex ea commodo consequat.[/vc_column_text][/vc_column][/vc_row]","Pellentesque habitant morbi tristique senectus et netus et malesuada fames ac turpis egestas. Vestibulum tortor quam, feugiat vitae, ultricies eget, tempor sit amet, ante. Donec eu libero sit amet quam egestas semper. Aenean ultricies mi vitae est. Mauris placerat eleifend leo.","09/04/2018","08/04/2019","Simple Product","Shop and search results","Yes","No","Yes","299.00","259.00","","","23","kg","56","in","23","in","12","in","Uncategorized","Clothes|Fashion","http://unihawker.com/wp-content/uploads/2018/04/product-59-grey.jpg","1487|1498|1497","Taxable","","","","","0","0","Standard","no","","In Stock","No","No","","","","","","Trash","Open","0","1","debashish","Administrator"
"","","1366","654111995-1-1-2","Men Black Jacket","Men Black Jacket","headphone-black__trashed","http://unihawker.com/product/headphone-black__trashed/","http://unihawker.com/product/headphone-black__trashed/","[vc_row el_class=""m-b-md""][vc_column][vc_column_text]Lorem ipsum dolor sit amet, consectetur adipiscing elit, sed do eiusmod tempor incididunt ut labore et dolore magna aliqua. Ut enim ad minim veniam, nostrud ipsum consectetur sed do, quis nostrud exercitation ullamco laboris nisi ut aliquip ex ea commodo consequat. Duis aute irure dolor in reprehenderit in voluptate velit esse cillum dolore eu fugiat nulla pariatur. Excepteur sint occaecat.[/vc_column_text][/vc_column][/vc_row][vc_row el_class=""m-b-md"" css="".vc_custom_1511248807031{padding-left: 40px !important;}""][vc_column][porto_info_list icon_color=""#21293c"" font_size_icon=""16""][porto_info_list_item list_icon=""fa fa-check-circle"" desc_font_size=""14""]Any Product types that You want - Simple, Configurable[/porto_info_list_item][porto_info_list_item list_icon=""fa fa-check-circle"" desc_font_size=""14""]Downloadable/Digital Products, Virtual Products[/porto_info_list_item][porto_info_list_item list_icon=""fa fa-check-circle"" desc_font_size=""14""]Inventory Management with Backordered items[/porto_info_list_item][/porto_info_list][/vc_column][/vc_row][vc_row][vc_column][vc_column_text]Sed do eiusmod tempor incididunt ut labore et dolore magna aliqua. Ut enim ad minim veniam, quis nostrud exercitation ullamco laboris nisi ut aliquip ex ea commodo consequat.[/vc_column_text][/vc_column][/vc_row]","Pellentesque habitant morbi tristique senectus et netus et malesuada fames ac turpis egestas. Vestibulum tortor quam, feugiat vitae, ultricies eget, tempor sit amet, ante. Donec eu libero sit amet quam egestas semper. Aenean ultricies mi vitae est. Mauris placerat eleifend leo.","09/04/2018","08/04/2019","Simple Product","Shop and search results","Yes","No","Yes","299.00","","","","23","kg","56","in","23","in","12","in","Uncategorized","Clothes|Fashion","http://unihawker.com/wp-content/uploads/2018/04/product-83-grey.jpg","1489|1492|1491","Taxable","","","","","0","0","Standard","no",,"In Stock","No","No","","","","","","Trash","Open","0","1","debashish","Administrator"
"","","1365","654111995-1-1-1","Men Jacket","Men Jacket","classic-headset-white__trashed","http://unihawker.com/product/classic-headset-white__trashed/","http://unihawker.com/product/classic-headset-white__trashed/","[vc_row el_class=""m-b-md""][vc_column][vc_column_text]Lorem ipsum dolor sit amet, consectetur adipiscing elit, sed do eiusmod tempor incididunt ut labore et dolore magna aliqua. Ut enim ad minim veniam, nostrud ipsum consectetur sed do, quis nostrud exercitation ullamco laboris nisi ut aliquip ex ea commodo consequat. Duis aute irure dolor in reprehenderit in voluptate velit esse cillum dolore eu fugiat nulla pariatur. Excepteur sint occaecat.[/vc_column_text][/vc_column][/vc_row][vc_row el_class=""m-b-md"" css="".vc_custom_1511248807031{padding-left: 40px !important;}""][vc_column][porto_info_list icon_color=""#21293c"" font_size_icon=""16""][porto_info_list_item list_icon=""fa fa-check-circle"" desc_font_size=""14""]Any Product types that You want - Simple, Configurable[/porto_info_list_item][porto_info_list_item list_icon=""fa fa-check-circle"" desc_font_size=""14""]Downloadable/Digital Products, Virtual Products[/porto_info_list_item][porto_info_list_item list_icon=""fa fa-check-circle"" desc_font_size=""14""]Inventory Management with Backordered items[/porto_info_list_item][/porto_info_list][/vc_column][/vc_row][vc_row][vc_column][vc_column_text]Sed do eiusmod tempor incididunt ut labore et dolore magna aliqua. Ut enim ad minim veniam, quis nostrud exercitation ullamco laboris nisi ut aliquip ex ea commodo consequat.[/vc_column_text][/vc_column][/vc_row]","Pellentesque habitant morbi tristique senectus et netus et malesuada fames ac turpis egestas. Vestibulum tortor quam, feugiat vitae, ultricies eget, tempor sit amet, ante. Donec eu libero sit amet quam egestas semper. Aenean ultricies mi vitae est. Mauris placerat eleifend leo.","09/04/2018","08/04/2019","Simple Product","Shop and search results","No","No","Yes","299.00","","","","23","kg","56","in","23","in","12","in","Uncategorized","Clothes|Fashion","http://unihawker.com/wp-content/uploads/2018/04/product-90-grey.jpg","1491|1490|1489","Taxable","","","","","0","0","Standard","no","","In Stock","No","No","","","","","","Trash","Open","0","1","debashish","Administrator"
"","","1364","654613612","Men T-Shirt","Men T-Shirt","ideapad__trashed","http://unihawker.com/product/ideapad__trashed/","http://unihawker.com/product/ideapad__trashed/","[vc_row el_class=""m-b-md""][vc_column][vc_column_text]Lorem ipsum dolor sit amet, consectetur adipiscing elit, sed do eiusmod tempor incididunt ut labore et dolore magna aliqua. Ut enim ad minim veniam, nostrud ipsum consectetur sed do, quis nostrud exercitation ullamco laboris nisi ut aliquip ex ea commodo consequat. Duis aute irure dolor in reprehenderit in voluptate velit esse cillum dolore eu fugiat nulla pariatur. Excepteur sint occaecat.[/vc_column_text][/vc_column][/vc_row][vc_row el_class=""m-b-md"" css="".vc_custom_1511248807031{padding-left: 40px !important;}""][vc_column][porto_info_list icon_color=""#21293c"" font_size_icon=""16""][porto_info_list_item list_icon=""fa fa-check-circle"" desc_font_size=""14""]Any Product types that You want - Simple, Configurable[/porto_info_list_item][porto_info_list_item list_icon=""fa fa-check-circle"" desc_font_size=""14""]Downloadable/Digital Products, Virtual Products[/porto_info_list_item][porto_info_list_item list_icon=""fa fa-check-circle"" desc_font_size=""14""]Inventory Management with Backordered items[/porto_info_list_item][/porto_info_list][/vc_column][/vc_row][vc_row][vc_column][vc_column_text]Sed do eiusmod tempor incididunt ut labore et dolore magna aliqua. Ut enim ad minim veniam, quis nostrud exercitation ullamco laboris nisi ut aliquip ex ea commodo consequat.[/vc_column_text][/vc_column][/vc_row]","Pellentesque habitant morbi tristique senectus et netus et malesuada fames ac turpis egestas. Vestibulum tortor quam, feugiat vitae, ultricies eget, tempor sit amet, ante. Donec eu libero sit amet quam egestas semper. Aenean ultricies mi vitae est. Mauris placerat eleifend leo.","09/04/2018","08/04/2019","Simple Product","Shop and search results","No","No","No","1999.00","1699","","","23","kg","35","in","24","in","12","in","Uncategorized","Clothes|Sweater","http://unihawker.com/wp-content/uploads/2018/04/product-98-grey.jpg","1493|1496|1495","Taxable","","","","","0","0","Standard","no","","In Stock","No","No","","","","","","Trash","Open","0","1","debashish","Administrator"
"","","1363","15615132","Men Long T-Shirt","Men Long T-Shirt","computer-mouse__trashed","http://unihawker.com/product/computer-mouse__trashed/","http://unihawker.com/product/computer-mouse__trashed/","[vc_row el_class=""m-b-md""][vc_column][vc_column_text]Lorem ipsum dolor sit amet, consectetur adipiscing elit, sed do eiusmod tempor incididunt ut labore et dolore magna aliqua. Ut enim ad minim veniam, nostrud ipsum consectetur sed do, quis nostrud exercitation ullamco laboris nisi ut aliquip ex ea commodo consequat. Duis aute irure dolor in reprehenderit in voluptate velit esse cillum dolore eu fugiat nulla pariatur. Excepteur sint occaecat.[/vc_column_text][/vc_column][/vc_row][vc_row el_class=""m-b-md"" css="".vc_custom_1511248807031{padding-left: 40px !important;}""][vc_column][porto_info_list icon_color=""#21293c"" font_size_icon=""16""][porto_info_list_item list_icon=""fa fa-check-circle"" desc_font_size=""14""]Any Product types that You want - Simple, Configurable[/porto_info_list_item][porto_info_list_item list_icon=""fa fa-check-circle"" desc_font_size=""14""]Downloadable/Digital Products, Virtual Products[/porto_info_list_item][porto_info_list_item list_icon=""fa fa-check-circle"" desc_font_size=""14""]Inventory Management with Backordered items[/porto_info_list_item][/porto_info_list][/vc_column][/vc_row][vc_row][vc_column][vc_column_text]Sed do eiusmod tempor incididunt ut labore et dolore magna aliqua. Ut enim ad minim veniam, quis nostrud exercitation ullamco laboris nisi ut aliquip ex ea commodo consequat.[/vc_column_text][/vc_column][/vc_row]","Pellentesque habitant morbi tristique senectus et netus et malesuada fames ac turpis egestas. Vestibulum tortor quam, feugiat vitae, ultricies eget, tempor sit amet, ante. Donec eu libero sit amet quam egestas semper. Aenean ultricies mi vitae est. Mauris placerat eleifend leo.","09/04/2018","08/04/2019","Simple Product","Shop and search results","No","No","Yes","55.00","","","","23","kg","23","in","31","in","12","in","Uncategorized","Shirt|Skirt","http://unihawker.com/wp-content/uploads/2018/04/product-101-grey.jpg","1495|1494|1493","Taxable","","","","","0","0","Standard","no","","In Stock","No","No","","","","","","Trash","Open","0","1","debashish","Administrator"
"","","1362","854613298","Men Sports T-Shirt","Men Sports T-Shirt","25-acoustic-noise__trashed","http://unihawker.com/product/25-acoustic-noise__trashed/","http://unihawker.com/product/25-acoustic-noise__trashed/","[vc_row el_class=""m-b-md""][vc_column][vc_column_text]Lorem ipsum dolor sit amet, consectetur adipiscing elit, sed do eiusmod tempor incididunt ut labore et dolore magna aliqua. Ut enim ad minim veniam, nostrud ipsum consectetur sed do, quis nostrud exercitation ullamco laboris nisi ut aliquip ex ea commodo consequat. Duis aute irure dolor in reprehenderit in voluptate velit esse cillum dolore eu fugiat nulla pariatur. Excepteur sint occaecat.[/vc_column_text][/vc_column][/vc_row][vc_row el_class=""m-b-md"" css="".vc_custom_1511248807031{padding-left: 40px !important;}""][vc_column][porto_info_list icon_color=""#21293c"" font_size_icon=""16""][porto_info_list_item list_icon=""fa fa-check-circle"" desc_font_size=""14""]Any Product types that You want - Simple, Configurable[/porto_info_list_item][porto_info_list_item list_icon=""fa fa-check-circle"" desc_font_size=""14""]Downloadable/Digital Products, Virtual Products[/porto_info_list_item][porto_info_list_item list_icon=""fa fa-check-circle"" desc_font_size=""14""]Inventory Management with Backordered items[/porto_info_list_item][/porto_info_list][/vc_column][/vc_row][vc_row][vc_column][vc_column_text]Sed do eiusmod tempor incididunt ut labore et dolore magna aliqua. Ut enim ad minim veniam, quis nostrud exercitation ullamco laboris nisi ut aliquip ex ea commodo consequat.[/vc_column_text][/vc_column][/vc_row]","Pellentesque habitant morbi tristique senectus et netus et malesuada fames ac turpis egestas. Vestibulum tortor quam, feugiat vitae, ultricies eget, tempor sit amet, ante. Donec eu libero sit amet quam egestas semper. Aenean ultricies mi vitae est. Mauris placerat eleifend leo.","09/04/2018","08/04/2019","Simple Product","Shop and search results","Yes","No","No","299.00","","","","12","kg","16","in","12","in","12","in","Uncategorized","Fashion|Hub|Sports","http://unihawker.com/wp-content/uploads/2018/04/product-54-grey.jpg","1497|1488|1487","Taxable","","","","","0","0","Standard","no","","In Stock","No","No","","","","","","Trash","Open","0","1","debashish","Administrator"
